{
  "viewportWidth": 608,
  "viewportHeight": 674,
  "skyColor": {
    "r": 0.6845333333333334,
    "g": 0.9687999999999998,
    "b": 0.9687999999999999,
    "a": 1
  },
  "numBoids": 28,
  "boidRad": 10,
  "maxSpeed": 158.6899999999987,
  "momentumFactor": 4.999999999999998,
  "showCohesionVel": true,
  "cohesionFactor": 81,
  "cohesionRange": 108,
  "showCohesionRange": true,
  "showAlignmentVel": true,
  "alignmentFactor": 1,
  "alignmentRange": 108,
  "showAlignmentRange": true,
  "showSeparationVel": true,
  "separationFactor": 163,
  "separationRange": 24,
  "showSeparationRange": true,
  "showSight": false,
  "showVels": false,
  "configTableBgColor": {
    "r": 0.9347833333333334,
    "g": 0.9371666666666667,
    "b": 0.8895,
    "a": 1
  },
  "configTableBorderWidth": 1,
  "configTableBorderColor": {
    "r": 0.30160000000000003,
    "g": 0.25628800000000007,
    "b": 0.018400000000000027,
    "a": 1
  },
  "configTablePadding": 10,
  "configRowSpacing": 4,
  "configLabelHighlightBgColor": {
    "r": 0.9551186666666667,
    "g": 0.9986333333333334,
    "b": 0.4547,
    "a": 0.37
  },
  "configFontSize": 21,
  "configInputHeight": 33,
  "configInputWidth": 143
}
