{
  "viewportWidth": 1060,
  "viewportHeight": 550,
  "numBoids": 30,
  "boidRad": 16.00000000000003,
  "visionRange": 181,
  "showRanges": false,
  "maxSpeed": 303.4,
  "momentumColor": {
    "r": 0.02659999999999995,
    "g": 0.00006666666666666626,
    "b": 0.026599999999999943,
    "a": 0.1
  },
  "momentumFactor": 0.9999999999999949,
  "cohesionColor": {
    "r": 0.020100000000000007,
    "g": 0.48932333333333333,
    "b": 0.8732333333333333,
    "a": 1
  },
  "cohesionFactor": 156,
  "alignmentColor": {
    "r": 0.03849999999999998,
    "g": 0.6948333333333334,
    "b": 0.16320333333333337,
    "a": 1
  },
  "alignmentFactor": 0.21999999999999864,
  "separationFactor": 2.650000000000019,
  "separationColor": {
    "r": 0.96,
    "g": 0,
    "b": 0,
    "a": 1
  },
  "separationRangeFactor": 2.4,
  "mouseFactor": -336,
  "mouseColor": {
    "r": 0.7501333333333334,
    "g": 0.0232,
    "b": 0.7501333333333332,
    "a": 1
  },
  "mouseExponent": 2,
  "showVels": false,
  "arrowScale": 2.439999999999987,
  "skyColor": {
    "r": 0.6090000000000002,
    "g": 0.9680799999999998,
    "b": 0.9909999999999999,
    "a": 1
  },
  "configTableBgColor": {
    "r": 0.9347833333333334,
    "g": 0.9371666666666667,
    "b": 0.8895,
    "a": 1
  },
  "configTableBorderWidth": 1,
  "configTableBorderColor": {
    "r": 0.30160000000000003,
    "g": 0.25628800000000007,
    "b": 0.018400000000000027,
    "a": 1
  },
  "configTablePadding": 14,
  "configRowSpacing": 4,
  "configLabelHighlightBgColor": {
    "r": 0.9551186666666667,
    "g": 0.9986333333333334,
    "b": 0.4547,
    "a": 0.945
  },
  "configFontSize": 21,
  "configInputHeight": 33,
  "configInputWidth": 101
}
