{
  "viewportWidth": 1019,
  "viewportHeight": 739,
  "skyColor": {
    "r": 0.6845333333333334,
    "g": 0.9687999999999998,
    "b": 0.9687999999999999,
    "a": 1
  },
  "groundColor": {
    "r": 0.05920000000000003,
    "g": 0.9808,
    "b": 0.2619520000000001,
    "a": 1
  },
  "groundHeight": 124,
  "treeColor": {
    "r": 0.5236,
    "g": 0.299608,
    "b": 0.15639999999999998,
    "a": 1
  },
  "treeTrunkWidth": 10,
  "treeTrunkHeight": 211,
  "numBranches": 6,
  "branchAngleRangeDegs": 95,
  "branchLengthPerc": 66,
  "branchWidthPerc": 53,
  "branchRecursions": 4,
  "maxBranches": 1400,
  "configTableBgColor": {
    "r": 0.9347833333333334,
    "g": 0.9371666666666667,
    "b": 0.8895,
    "a": 1
  },
  "configTableBorderWidth": 1,
  "configTableBorderColor": {
    "r": 0.30160000000000003,
    "g": 0.25628800000000007,
    "b": 0.018400000000000027,
    "a": 1
  },
  "configTablePadding": 10,
  "configRowSpacing": 4,
  "configLabelHighlightBgColor": {
    "r": 0.9551186666666667,
    "g": 0.9986333333333334,
    "b": 0.4547,
    "a": 1
  },
  "configFontSize": 21,
  "configInputHeight": 33,
  "configInputWidth": 143
}
