{
  "headerFontSize": 116,
  "bodyFontSize": 59,
  "bgColor": {
    "r": 0.9148000000000001,
    "g": 0.8931279999999999,
    "b": 0.6052,
    "a": 1
  }
}
